DEPARTAMENTO,PROVINCIA,MUNICIPIO,CODIGO,COD_INE,Captura.ca,Riqueza.es,Abu.rrhh,Ap.suelo,Minero,Piscicol,Turismo,Agro.inten,Agro.exten,Agrosilvo,Ap.fores,Uso.limit,R.actv.prd,Acc.agua,Acc.salud,Acc.edu,Acc.vivien,Acc.EE,Clasifica,porc_i.CSV,latitude,longitude,area_km2,area_ha
Santa Cruz,Velasco,San Rafael,"070303",70303,"12","49","9","70","6","72","10","9","14","8","11","33","0","40","22","32","22","45",Alto,"41",-16.81550,-60.14096,9715.94,971594.50
Santa Cruz,Cordillera,Boyuibe,"070707",70707,"14","66","9","60","16","30","0","7","32","25","3","0","19","42","35","37","28","43",Medio,"38",-20.33884,-63.07628,1623.66,162366.23
Santa Cruz,Florida,Pampa Grande,"070902",70902,"20","55","10","68","8","32","10","26","12","19","11","21","0","44","36","38","28","44",Alto,"41",-18.04540,-64.15343,1007.04,100703.99
Santa Cruz,Florida,Samaipata,"070901",70901,"19","53","10","72","7","32","10","0","0","1","8","28","17","41","37","38","28","46",Bajo,"32",-18.17527,-63.75002,1926.26,192626.46
Santa Cruz,Florida,Mairana,"070903",70903,"22","58","11","65","10","32","10","0","0","0","10","28","0","41","35","37","28","44",Bajo,"32",-17.98458,-64.00690,744.00,74399.72
Santa Cruz,Valle Grande,Trigal,"070802",70802,"12","43","8","69","4","32","0","0","0","0","9","0","0","43","26","35","30","41",Bajo,"22",-18.28708,-64.13266,400.63,40063.50
Santa Cruz,Valle Grande,Moro Moro,"070803",70803,"10","57","11","74","9","32","10","11","2","3","8","0","0","42","34","37","30","44",Bajo,"31",-18.32060,-64.34399,680.50,68050.24
Santa Cruz,Manuel María Caballero,Saipina,"071302",71302,"6","53","10","65","7","32","10","3","19","5","2","0","0","41","28","34","22","47",Bajo,"29",-18.02356,-64.63993,449.97,44997.07
Santa Cruz,Florida,Quirusillas,"070904",70904,"20","54","10","63","7","0","10","1","86","2","8","35","17","44","30","37","26","46",Medio,"40",-18.37057,-63.93746,287.32,28732.20
Santa Cruz,Andres Ibañez,Cotoca,"070102",70102,"12","61","17","73","13","65","10","35","4","42","4","0","24","37","26","31","27","36",Muy Alto,"50",-17.75478,-62.90828,621.16,62115.88
Santa Cruz,Valle Grande,Pucará,"070805",70805,"17","55","10","52","8","55","10","5","0","5","9","0","11","40","25","34","26","46",Bajo,"32",-18.76248,-64.19107,683.52,68352.15
Santa Cruz,Andres Ibañez,El Torno,"070105",70105,"26","60","12","70","12","31","10","11","1","0","11","28","36","43","29","34","21","43",Medio,"37",-18.04880,-63.46886,970.15,97015.05
Santa Cruz,Andres Ibañez,Santa Cruz de la Sierra,"070101",70101,"8","48","12","76","6","70","10","0","0","0","4","0","24","37","28","34","29","43",Bajo,"33",-17.80706,-62.99812,1299.76,129975.84
Santa Cruz,Valle Grande,Postrer Valle,"070804",70804,"19","55","10","63","8","32","10","28","5","5","8","35","17","43","29","34","25","40",Medio,"40",-18.62508,-63.76318,1117.71,111770.56
Santa Cruz,Andres Ibañez,La Guardia,"070104",70104,"16","59","11","74","10","55","51","0","0","0","8","35","28","41","35","37","29","45",Alto,"48",-18.05372,-63.23395,977.92,97791.78
La Paz,Bautista Saavedra,Curva,"021602",21602,"31","60","55","65","33","54","0","10","74","23","11","9","16","43","27","37","31","46",Muy Alto,"58",-14.98522,-68.96548,584.89,58488.77
Potosi,Nor Lipez,"Colcha""K""","050901",50901,"6","62","39","71","54","70","72","1","2","3","1","0","7","42","30","35","25","44",Muy Alto,"58",-21.20434,-67.31420,18203.73,1820372.54
Oruro,Mejillones,Carangas,"041503",41503,"6","64","27","54","15","0","0","6","3","12","1","0","11","42","28","34","20","44",Bajo,"26",-18.90157,-68.66542,227.68,22768.49
Oruro,Mejillones,La Rivera,"041501",41501,"5","59","34","58","10","0","0","0","21","1","1","0","8","48","26","33","23","35",Bajo,"25",-19.06205,-68.66012,218.59,21859.50
Oruro,Mejillones,Todos Santos,"041502",41502,"3","43","13","51","5","0","0","0","0","0","3","0","11","44","27","34","21","45",Bajo,"17",-19.02815,-68.75862,218.71,21871.48
La Paz,Murillo,Nuestra Señora de La Paz,"020101",20101,"22","57","52","58","50","67","0","89","7","13","12","0","17","42","34","37","29","44",Muy Alto,"65",-16.16761,-67.97166,2042.23,204223.02
La Paz,Larecaja,Quiabaya,"020604",20604,"9","54","14","67","26","0","0","3","3","5","2","0","0","43","31","37","29","45",Bajo,"24",-15.60241,-68.71420,118.42,11842.09
La Paz,Muñecas,Ayata,"020502",20502,"28","66","43","69","41","28","0","8","1","56","2","0","16","41","32","36","25","44",Alto,"48",-15.32001,-68.71100,748.66,74866.46
La Paz,Larecaja,Sorata,"020601",20601,"15","45","38","59","47","28","0","16","4","1","12","0","17","40","35","38","28","48",Medio,"38",-15.71934,-68.49412,1902.06,190206.04
La Paz,Larecaja,Tacacoma,"020603",20603,"16","45","27","66","38","54","10","0","0","0","10","0","17","43","33","37","28","45",Medio,"37",-15.39248,-68.52302,799.68,79968.31
La Paz,Muñecas,Chuma,"020501",20501,"17","62","39","57","36","0","0","2","5","5","1","0","0","43","33","37","29","44",Bajo,"29",-15.59320,-68.86565,618.18,61818.45
La Paz,Larecaja,Combaya,"020605",20605,"17","61","32","58","23","0","0","17","1","0","1","0","0","43","36","38","32","43",Bajo,"28",-15.81593,-68.75341,90.57,9057.03
La Paz,Muñecas,Aucapata,"020503",20503,"30","66","30","59","51","28","0","5","0","71","4","0","16","42","34","37","30","43",Muy Alto,"50",-15.43811,-68.69949,234.45,23444.90
La Paz,Larecaja,Tipuani,"020606",20606,"17","44","10","61","37","28","10","0","0","0","13","0","17","42","25","35","29","45",Bajo,"31",-15.58442,-68.05596,248.29,24828.98
La Paz,Murillo,Palca,"020102",20102,"9","56","42","76","49","43","52","0","0","0","2","0","0","44","35","37","25","43",Alto,"48",-16.66639,-67.82613,736.20,73619.79
La Paz,Aroma,Ayo Ayo,"021303",21303,"6","66","40","60","27","0","0","46","3","71","1","0","0","44","32","36","24","45",Alto,"48",-17.07674,-68.01966,558.71,55871.46
La Paz,Loayza,Sapahaqui,"020902",20902,"4","46","13","76","14","42","52","10","1","3","3","0","0","43","34","39","35","45",Alto,"41",-16.95359,-67.83598,815.79,81579.11
La Paz,Sur Yungas,Yanacachi,"021103",21103,"13","33","44","65","34","59","0","0","0","0","9","0","17","43","32","36","24","46",Medio,"36",-16.42570,-67.78948,580.34,58034.08
La Paz,Murillo,Mecapaca,"020103",20103,"5","58","23","62","18","43","52","1","3","2","4","0","0","42","40","39","30","45",Alto,"42",-16.71854,-67.97865,523.71,52370.61
La Paz,Nor Yungas,Coroico,"021401",21401,"27","61","31","66","34","40","0","6","7","4","12","0","17","42","32","37","29","46",Medio,"38",-16.16245,-67.77256,1091.81,109181.31
La Paz,Inquisivi,Quime,"021002",21002,"19","54","48","66","39","59","20","0","2","2","10","0","17","42","35","38","30","46",Alto,"45",-16.84892,-67.34091,997.15,99714.80
La Paz,Loayza,Malla,"020904",20904,"5","58","52","72","50","59","0","17","1","27","2","0","0","41","35","38","33","42",Alto,"48",-17.01144,-67.42682,350.58,35058.28
La Paz,Inquisivi,Cajuata,"021003",21003,"28","65","38","64","39","42","20","47","38","6","12","0","17","42","29","35","26","44",Muy Alto,"58",-16.63751,-67.24745,712.03,71202.88
La Paz,Loayza,Yaco,"020903",20903,"4","34","16","60","34","42","0","15","1","41","3","0","5","42","36","38","29","45",Medio,"39",-17.24013,-67.39874,595.55,59555.04
La Paz,Sur Yungas,Irupana,"021102",21102,"21","59","53","69","43","59","19","1","13","4","10","0","17","42","35","37","28","43",Muy Alto,"49",-16.51113,-67.51019,1358.94,135893.68
La Paz,Inquisivi,Ichoca,"021005",21005,"20","59","35","58","31","42","0","0","0","29","2","0","7","43","33","37","29","43",Medio,"38",-17.18492,-67.19348,839.86,83985.80
La Paz,Loayza,Luribay,"020901",20901,"5","58","18","73","10","0","21","72","2","46","1","0","0","44","33","39","35","44",Muy Alto,"49",-17.09387,-67.63480,450.95,45095.14
La Paz,Nor Yungas,Coripata,"021402",21402,"29","61","18","66","34","40","0","0","0","0","13","0","17","42","33","37","25","46",Medio,"34",-16.20905,-67.56733,692.70,69269.73
La Paz,Loayza,Cairoma,"020905",20905,"17","65","50","66","49","66","20","0","0","24","1","0","19","40","35","37","25","45",Muy Alto,"52",-16.84578,-67.57689,685.55,68554.86
La Paz,Sur Yungas,Chulumani,"021101",21101,"25","62","34","59","24","41","0","23","1","0","12","0","17","42","30","37","32","45",Medio,"39",-16.38914,-67.53763,301.90,30189.61
La Paz,Inquisivi,Licoma Pampa,"021006",21006,"20","58","24","61","30","0","0","0","42","2","9","0","17","46","29","35","22","44",Bajo,"32",-16.81189,-67.20315,196.95,19694.89
Cochabamba,Quillacollo,Quillacollo,"030901",30901,"6","54","38","74","15","39","0","44","9","45","2","0","0","43","34","37","25","45",Alto,"48",-17.21125,-66.32921,567.33,56733.04
Cochabamba,Cercado,Cochabamba,"030101",30101,"12","62","33","71","14","58","27","0","0","0","1","0","0","42","34","36","26","43",Medio,"39",-17.42515,-66.16868,287.54,28754.10
Cochabamba,Chapare,Sacaba,"031001",31001,"15","53","36","76","7","58","27","0","1","0","9","0","0","46","34","38","30","45",Medio,"39",-17.33163,-66.03043,750.74,75074.49
Cochabamba,Quillacollo,Colcapirhua,"030905",30905,"6","62","19","61","14","0","0","72","9","8","3","0","0","26","22","23","24","20",Medio,"36",-17.39050,-66.23256,29.20,2919.60
Cochabamba,Quillacollo,Tiquipaya,"030903",30903,"4","44","33","72","5","38","0","37","2","1","4","0","0","42","30","35","29","39",Medio,"34",-17.18860,-66.20203,316.90,31689.62
Cochabamba,Arani,Vacas,"030502",30502,"3","40","44","72","4","66","0","8","3","23","5","0","0","43","23","35","30","43",Medio,"37",-17.58904,-65.58256,348.85,34884.54
Cochabamba,Esteban Arce,Arbieto,"030403",30403,"5","68","22","68","17","66","0","9","25","1","2","0","0","42","25","36","35","45",Medio,"38",-17.55828,-66.06506,147.80,14780.37
Cochabamba,Arque,Arque,"030601",30601,"6","67","30","55","51","0","0","3","40","11","2","0","10","42","35","37","28","44",Medio,"37",-17.82578,-66.41682,519.11,51911.27
Cochabamba,Capinota,Capinota,"030701",30701,"6","64","14","57","25","0","0","13","9","8","1","0","10","42","35","38","29","45",Bajo,"28",-17.77755,-66.22679,568.68,56868.29
Cochabamba,Capinota,Sicaya,"030703",30703,"3","46","8","67","24","0","0","24","10","2","1","0","0","37","29","37","37","45",Bajo,"27",-17.79122,-66.34159,115.37,11536.70
Cochabamba,Arani,Arani,"030501",30501,"5","68","41","70","28","39","0","17","1","1","1","0","0","41","29","37","34","45",Medio,"37",-17.59272,-65.72657,205.97,20597.20
Cochabamba,Punata,Cuchumuela,"031405",31405,"4","60","29","65","13","0","0","10","0","13","2","0","0","36","25","33","28","42",Bajo,"26",-17.69001,-65.77107,72.65,7265.40
Cochabamba,Punata,Tacachi,"031404",31404,"3","45","11","60","5","0","0","12","25","0","1","0","0","31","23","31","29","39",Bajo,"22",-17.63800,-65.78852,19.98,1997.81
Cochabamba,Punata,Punata,"031401",31401,"5","54","19","66","7","0","0","11","1","7","2","0","0","36","28","33","27","41",Bajo,"23",-17.54925,-65.83143,85.91,8590.69
Cochabamba,Punata,Villa Rivero,"031402",31402,"3","40","10","66","4","0","0","20","2","0","2","0","0","40","26","33","33","33",Bajo,"20",-17.64826,-65.85278,99.66,9965.57
Cochabamba,Mizque,Alalay,"031303",31303,"5","69","42","73","18","0","0","2","0","12","4","0","0","37","29","34","26","46",Bajo,"28",-17.77326,-65.63003,418.80,41880.44
Cochabamba,Esteban Arce,Tarata,"030401",30401,"4","45","8","56","5","39","18","15","10","5","2","0","10","46","30","39","38","44",Bajo,"33",-17.69183,-66.06536,338.73,33873.36
Cochabamba,Quillacollo,Sipe Sipe,"030902",30902,"4","45","13","74","14","39","0","64","4","76","2","0","0","41","32","38","33","46",Muy Alto,"53",-17.50288,-66.39170,504.96,50495.91
Cochabamba,Capinota,Santivañez,"030702",30702,"4","47","9","71","6","39","0","45","28","1","1","0","0","42","30","38","34","46",Medio,"38",-17.57359,-66.21802,299.73,29972.58
Cochabamba,Esteban Arce,Sacabamba,"030404",30404,"3","53","18","69","7","0","0","13","12","27","2","0","0","44","30","38","28","51",Bajo,"29",-17.77644,-65.78626,196.27,19626.92
Cochabamba,Esteban Arce,Anzaldo,"030402",30402,"6","69","16","47","42","0","18","0","13","0","3","0","6","43","36","40","32","47",Bajo,"31",-17.84366,-65.91670,669.69,66969.03
Cochabamba,German Jordan,Toko,"030802",30802,"3","43","10","64","13","0","0","0","0","0","2","0","0","41","38","38","31","42",Bajo,"18",-17.64747,-65.92049,61.90,6190.05
Cochabamba,German Jordan,Cliza,"030801",30801,"4","62","19","64","24","0","0","0","0","0","2","0","0","44","28","36","29","42",Bajo,"22",-17.58194,-65.93669,55.72,5571.61
Oruro,Pantaleon Dalence,Huanuni,"040701",40701,"4","59","26","60","51","0","15","0","0","0","2","0","14","43","33","37","29","43",Bajo,"31",-18.26269,-66.76501,567.37,56737.23
Cochabamba,Arque,Tacopaya,"030602",30602,"4","45","13","58","14","0","0","78","4","10","1","0","0","43","35","38","29","43",Medio,"37",-17.82651,-66.62590,587.38,58738.25
Potosi,General Bernardino Bilbao,Arampampa,"051301",51301,"6","68","16","56","28","0","11","73","3","2","2","0","3","45","37","40","35","44",Alto,"42",-17.94527,-66.12592,386.48,38647.55
Cochabamba,Punata,San Benito,"031403",31403,"4","52","18","68","7","37","0","0","51","17","3","0","0","42","32","39","37","45",Medio,"36",-17.49820,-65.87897,141.27,14126.57
Potosi,General Bernardino Bilbao,Acasio,"051302",51302,"6","10","16","56","18","0","11","18","3","44","4","0","5","43","36","38","29","43",Bajo,"31",-18.05000,-66.01447,375.50,37549.58
Potosi,Charcas,Toro Toro,"050502",50502,"7","43","8","58","45","34","11","3","3","6","1","4","9","43","34","37","27","43",Bajo,"33",-18.20954,-65.70087,1181.64,118164.25
Cochabamba,Bolivar,Bolivar,"031501",31501,"5","66","39","52","39","37","17","0","0","4","2","0","14","44","35","39","34","44",Medio,"38",-18.01557,-66.64452,684.55,68454.96
Potosi,Alonso de Ibañez,Caripuyo,"050702",50702,"4","64","27","56","37","33","11","0","21","13","2","0","12","42","37","38","30","43",Medio,"39",-18.18022,-66.59325,521.63,52162.87
Potosi,Rafael Bustillo,Llallagua,"050203",50203,"4","58","19","56","42","34","13","9","9","12","3","0","11","45","35","39","28","47",Medio,"39",-18.36339,-66.57214,527.83,52782.78
Potosi,Alonso de Ibañez,Sacaca,"050701",50701,"5","53","14","52","25","0","11","0","0","0","4","0","9","40","36","38","30","45",Bajo,"24",-18.11765,-66.34363,915.28,91528.31
Cochabamba,Mizque,Vila Vila,"031302",31302,"4","40","7","48","4","0","52","9","1","0","1","0","6","42","30","35","25","44",Bajo,"29",-17.97825,-65.67140,598.41,59840.84
La Paz,Los Andes,Laja,"021202",21202,"4","59","25","56","19","41","0","3","5","2","2","0","11","43","36","37","29","41",Bajo,"30",-16.58851,-68.45958,690.57,69057.38
La Paz,Murillo,Achocalla,"020104",20104,"5","70","42","52","29","0","21","32","1","46","2","0","0","43","36","34","29","28",Alto,"46",-16.66227,-68.12535,178.25,17824.81
Oruro,San Pedro De Totora,Totora,"041301",41301,"4","43","16","55","13","38","52","22","6","17","1","0","13","41","28","36","29","46",Alto,"45",-17.85489,-68.17995,1379.88,137987.82
La Paz,Aroma,Umala,"021302",21302,"4","42","16","60","13","40","52","0","0","0","1","0","0","43","37","38","25","46",Medio,"36",-17.40398,-67.99720,870.78,87077.87
La Paz,Aroma,Patacamaya,"021305",21305,"5","55","21","59","17","0","0","8","13","20","2","0","0","43","34","38","32","46",Bajo,"28",-17.21653,-67.91329,556.83,55682.73
La Paz,Pacajes,Caquiaviri,"020302",20302,"6","64","37","56","38","43","52","0","0","4","3","0","0","43","34","37","30","43",Alto,"46",-17.08523,-68.81794,1548.84,154884.23
La Paz,Pacajes,Nazacara de Pacajes,"020307",20307,"4","57","15","52","9","0","0","3","10","14","2","0","0","50","29","40","25","54",Bajo,"23",-16.92655,-68.75767,18.43,1843.29
La Paz,Pacajes,Santiago de Callapa,"020308",20308,"3","48","17","58","24","66","64","77","5","4","2","0","9","54","35","40","27","45",Muy Alto,"64",-17.40089,-68.34709,1192.16,119215.63
La Paz,Aroma,Colquencha,"021306",21306,"4","61","32","53","35","0","0","18","13","29","3","0","11","41","39","39","30","48",Medio,"37",-16.99190,-68.25697,341.29,34129.24
La Paz,Pacajes,Waldo Ballivian,"020306",20306,"3","35","16","56","11","0","0","0","0","13","1","0","0","50","35","38","24","42",Bajo,"20",-17.11510,-68.21939,108.68,10867.62
La Paz,Pacajes,Comanche,"020304",20304,"4","61","32","58","34","0","0","1","32","11","3","0","11","43","35","37","26","43",Bajo,"33",-16.95044,-68.45016,450.17,45017.02
La Paz,Aroma,Calamarca,"021304",21304,"6","65","38","57","26","0","0","40","9","11","2","0","0","43","35","37","28","44",Medio,"37",-16.89046,-68.11243,480.56,48056.31
Oruro,Tomas Barron,Eucaliptus,"041101",41101,"5","60","12","54","44","65","14","5","19","4","4","0","4","44","31","35","24","41",Alto,"42",-17.63458,-67.44083,366.89,36689.21
La Paz,Aroma,Sica Sica,"021301",21301,"4","46","13","58","14","58","19","12","0","19","3","0","5","44","35","37","24","44",Medio,"38",-17.37450,-67.61912,1738.32,173832.05
La Paz,Gualberto Villarroe,Papel Pampa,"021802",21802,"4","55","10","56","17","40","19","0","6","0","1","0","8","49","35","39","26","44",Bajo,"31",-17.69720,-67.70958,860.55,86054.80
Oruro,Carangas,Choque Cota,"040302",40302,"4","62","34","61","14","36","16","0","0","0","3","0","10","42","24","33","27","39",Bajo,"32",-18.12211,-67.95498,894.96,89496.26
La Paz,Gualberto Villarroe,San Pedro de Curahuara,"021801",21801,"3","50","12","57","25","0","52","0","2","3","2","0","11","43","31","37","27","45",Bajo,"33",-17.63349,-67.96664,790.49,79048.90
Oruro,Nor Carangas,Santiago de Huayllamarca,"041601",41601,"4","48","17","55","24","35","14","31","6","2","2","0","8","43","34","38","29","47",Medio,"37",-17.92749,-67.82016,903.94,90394.00
La Paz,Pacajes,Coro Coro,"020301",20301,"4","61","31","56","34","43","21","24","7","16","2","0","9","44","35","38","30","43",Alto,"46",-17.17313,-68.43223,1101.96,110195.86
La Paz,Gualberto Villarroe,Chacarilla,"021803",21803,"4","63","20","49","37","40","52","1","21","0","2","0","10","42","30","38","33","46",Alto,"45",-17.54856,-68.17003,363.32,36332.18
La Paz,Aroma,Collana,"021307",21307,"4","61","33","53","35","0","0","8","13","20","3","0","11","44","38","38","26","46",Bajo,"33",-16.90372,-68.30118,106.34,10633.88
Oruro,Carangas,Corque,"040301",40301,"6","61","23","62","34","58","64","0","0","0","2","0","9","42","34","37","28","46",Alto,"48",-18.46415,-67.79945,3267.03,326703.25
Oruro,Poopo,Pazña,"040602",40602,"4","55","16","64","49","66","52","2","8","11","2","0","9","44","30","36","27","45",Muy Alto,"51",-18.61342,-66.91297,745.09,74509.43
Oruro,Saucari,Toledo,"041001",41001,"4","43","13","65","37","66","72","12","15","35","2","0","8","43","36","38","30","44",Muy Alto,"60",-18.27563,-67.41320,3055.30,305530.34
Oruro,Cercado,El Choro,"040103",40103,"11","60","17","61","22","58","64","52","48","13","2","1","13","52","35","40","29","44",Muy Alto,"67",-18.26423,-67.17471,1044.54,104453.78
Oruro,Poopo,Poopó,"040601",40601,"7","55","20","59","41","36","64","2","1","29","3","15","9","43","35","39","30","47",Muy Alto,"53",-18.36671,-66.94157,690.18,69018.09
Oruro,Pantaleon Dalence,Machacamarca,"040702",40702,"5","58","24","59","42","58","52","6","21","1","1","0","12","44","24","34","27","43",Muy Alto,"50",-18.15329,-66.97448,326.00,32599.71
Oruro,Litoral,Escara,"040502",40502,"5","60","21","62","21","0","0","0","6","4","2","0","9","43","28","34","25","41",Bajo,"24",-18.69441,-68.15932,1335.21,133520.95
Oruro,Litoral,Esmeralda,"040505",40505,"4","60","12","60","21","0","52","1","2","2","3","0","9","46","30","32","22","31",Bajo,"33",-18.94571,-68.08817,586.06,58606.40
Oruro,Sabaya,Chipaya,"040903",40903,"6","62","8","64","24","0","52","21","6","1","2","0","13","42","21","30","27","30",Medio,"38",-19.06258,-68.04771,355.98,35597.96
Oruro,Ladislao Cabrera,Salinas de Garci Mendoza,"040801",40801,"7","53","14","66","15","35","72","0","0","0","2","0","6","44","36","38","28","45",Alto,"42",-19.43668,-67.61411,5619.40,561939.82
Oruro,Litoral,Yunguyo del Litoral,"040504",40504,"3","33","6","56","3","0","0","0","0","0","3","0","8","32","25","28","21","35",Muy Bajo,"14",-18.87591,-68.35171,180.15,18014.66
Oruro,Litoral,Cruz de Machacamarca,"040503",40503,"6","60","22","59","13","0","0","0","0","0","1","0","9","43","35","36","21","44",Bajo,"21",-18.71681,-68.37439,529.78,52978.29
Oruro,Poopo,Antequera,"040603",40603,"5","69","42","53","58","35","16","13","10","50","4","0","14","41","29","35","28","41",Muy Alto,"53",-18.52494,-66.77543,279.61,27961.20
Oruro,Sur Carangas,Belén de Andamarca,"041202",41202,"5","66","21","63","26","58","72","39","22","18","3","15","8","42","36","38","31","42",Muy Alto,"66",-18.89255,-67.38106,2328.30,232829.78
Oruro,Ladislao Cabrera,Pampa Aullagas,"040802",40802,"5","56","11","61","28","35","70","13","19","21","3","0","5","42","35","37","28","44",Muy Alto,"52",-19.23148,-67.16515,1017.03,101702.61
Oruro,Sur Carangas,Andamarca,"041201",41201,"5","69","16","57","28","35","70","0","0","0","2","0","11","43","30","36","28","42",Alto,"45",-18.89204,-67.74980,1069.29,106929.14
Oruro,Litoral,Huachacalla,"040501",40501,"4","59","20","51","11","0","0","16","1","27","2","0","11","28","24","28","27","35",Bajo,"27",-18.79438,-68.27506,20.84,2083.69
Oruro,Sebastian Pagador,Santiago de Huari,"041401",41401,"4","48","13","64","38","0","52","0","10","0","2","0","8","42","34","37","26","46",Medio,"36",-19.16432,-66.56368,2403.06,240306.03
Oruro,Abaroa,Santuario de Quillacas,"040202",40202,"3","47","9","60","24","36","70","32","2","59","2","0","8","40","29","36","29","44",Muy Alto,"59",-19.31941,-66.81333,932.38,93237.85
Oruro,Abaroa,Challapata,"040201",40201,"6","63","26","67","37","58","52","0","0","0","2","0","11","44","34","38","29","44",Alto,"47",-18.89057,-66.55264,2597.26,259725.83
Potosi,Rafael Bustillo,Uncía,"050201",50201,"3","42","12","58","36","35","13","0","8","1","1","0","14","42","34","37","28","45",Bajo,"32",-18.58843,-66.53141,697.57,69757.00
Potosi,Rafael Bustillo,Chayanta,"050202",50202,"6","63","14","60","55","0","13","8","0","0","1","0","12","45","34","39","33","46",Bajo,"32",-18.41439,-66.35083,631.90,63189.82
Potosi,Charcas,San Pedro,"050501",50501,"16","50","14","56","25","70","64","15","0","1","2","0","12","43","36","39","32","46",Muy Alto,"51",-18.34063,-65.96822,2213.18,221318.12
Chuquisaca,Nor Cinti,San Lucas,"010702",10702,"9","51","14","57","25","44","23","18","11","98","4","0","11","43","36","38","29","43",Muy Alto,"57",-20.16070,-64.89930,3890.93,389093.03
Potosi,Cornelio Saavedra,Chaquí,"050302",50302,"4","63","26","56","55","34","12","37","31","2","3","0","11","42","34","37","34","40",Muy Alto,"49",-19.62501,-65.54606,466.83,46682.88
Potosi,Cornelio Saavedra,Tacobamba,"050303",50303,"4","45","8","53","46","0","12","51","49","1","1","0","10","42","37","38","29","44",Alto,"44",-19.21323,-65.55402,893.06,89306.02
Potosi,Chayanta,Ravelo,"050402",50402,"5","54","10","53","15","0","51","1","13","15","4","0","10","42","36","38","24","48",Medio,"36",-18.75270,-65.56338,1354.96,135495.85
Potosi,Antonio Quijarro,Uyuni,"051201",51201,"4","41","12","65","35","70","64","16","8","23","3","0","7","44","34","37","28","43",Muy Alto,"56",-20.06528,-66.78937,7640.89,764088.66
Potosi,Chayanta,Pocoata,"050403",50403,"5","55","16","57","41","0","11","1","2","21","3","0","10","42","33","37","27","47",Bajo,"31",-18.63938,-66.15577,1191.07,119106.64
Potosi,Chayanta,Colquechaca,"050401",50401,"6","61","24","62","46","0","51","0","0","30","1","0","10","43","34","37","28","43",Alto,"44",-18.80807,-66.01354,1743.84,174383.54
Potosi,Tomas Frias,Tinquipaya,"050102",50102,"4","45","13","60","37","0","51","16","16","15","1","0","11","43","33","37","29","45",Alto,"43",-19.17001,-65.90410,1429.46,142946.06
Potosi,Tomas Frias,Urmiri,"050104",50104,"3","41","12","63","36","35","70","17","7","17","2","0","8","41","36","39","33","45",Muy Alto,"51",-19.47281,-66.18074,1246.19,124619.27
Potosi,Chayanta,Ocurí,"050404",50404,"5","56","17","61","41","0","11","0","0","0","1","0","10","43","36","38","28","43",Bajo,"27",-18.88983,-65.76843,863.18,86318.20
Potosi,Tomas Frias,Potosí,"050101",50101,"4","55","15","63","49","57","52","23","1","29","1","0","11","42","32","37","31","41",Muy Alto,"56",-19.53743,-65.72203,1195.90,119589.53
Potosi,Tomas Frias,Yocalla,"050103",50103,"4","33","6","61","43","35","51","9","1","7","3","0","7","41","31","36","31","41",Alto,"42",-19.49557,-65.94099,901.47,90146.66
Chuquisaca,Oropeza,Yotala,"010102",10102,"4","33","6","47","11","0","26","15","1","32","3","0","13","42","28","36","27","46",Bajo,"31",-19.22504,-65.26485,434.53,43453.27
Chuquisaca,Yamparaez,Yamparáez,"010602",10602,"5","33","6","56","3","0","23","41","3","50","5","0","13","46","36","39","28","45",Medio,"39",-19.24354,-65.07003,642.58,64257.95
Potosi,Nor Chichas,Cotagaita,"050601",50601,"5","61","19","58","46","34","64","0","0","3","1","0","10","46","30","38","30","45",Alto,"47",-20.67294,-65.76938,6476.75,647675.09
Potosi,Jose Maria Linares,"Caiza ""D""","051102",51102,"6","65","28","58","49","33","11","12","2","52","2","0","15","44","35","39","32","43",Muy Alto,"49",-20.01132,-65.65361,1319.41,131941.13
Potosi,Nor Chichas,Vitiche,"050602",50602,"4","35","7","59","11","34","11","3","11","4","3","0","12","45","36","39","33","43",Bajo,"28",-20.34963,-65.43243,1617.60,161760.11
Potosi,Antonio Quijarro,Tomave,"051202",51202,"4","43","13","62","37","57","72","45","17","42","3","0","8","45","36","39","31","45",Muy Alto,"67",-20.10161,-66.39428,8155.18,815517.70
Potosi,Antonio Quijarro,Porco,"051203",51203,"5","55","10","64","59","33","70","82","4","17","2","0","11","42","33","38","30","46",Muy Alto,"68",-19.80797,-65.98415,1088.32,108832.48
Potosi,Sur Chichas,Atocha,"050802",50802,"6","67","30","62","51","0","51","0","0","0","4","0","11","42","33","37","29","43",Alto,"41",-21.07035,-66.16987,2329.72,232972.18
Tarija,Mendez,El Puente,"060502",60502,"24","60","17","68","22","33","64","64","13","27","18","0","15","41","33","37","27","46",Muy Alto,"65",-21.27846,-65.04941,2064.04,206404.28
Chuquisaca,Nor Cinti,Camargo,"010701",10701,"6","65","12","58","22","44","23","1","1","100","5","0","14","43","26","38","34","47",Muy Alto,"53",-20.60255,-65.15603,2084.91,208490.95
Chuquisaca,Sur Cinti,Camataqui,"010901",10901,"6","64","8","50","26","44","22","66","8","52","7","0","13","45","31","39","32","46",Muy Alto,"58",-20.98632,-65.28768,660.76,66075.71
Chuquisaca,Sur Cinti,Las Carreras,"010903",10903,"5","59","11","52","19","44","52","0","0","9","8","0","10","42","31","38","33","46",Alto,"41",-21.29567,-65.32020,905.94,90594.27
Chuquisaca,Nor Cinti,Incahuasi,"010703",10703,"22","59","12","56","10","60","23","47","33","1","10","0","14","44","34","36","23","44",Muy Alto,"51",-20.59069,-64.57213,1043.23,104323.47
Tarija,Mendez,San Lorenzo,"060501",60501,"13","51","9","56","6","56","64","0","0","0","6","0","11","44","32","36","27","43",Alto,"42",-21.23416,-64.69525,1978.43,197842.91
Tarija,Cercado,Tarija,"060101",60101,"14","45","13","55","14","57","64","21","4","52","11","0","8","41","30","36","29","46",Muy Alto,"57",-21.55951,-64.59399,2064.22,206422.09
Tarija,Avilez,Uriondo,"060401",60401,"11","41","7","50","13","33","64","0","0","0","8","0","6","42","26","36","32","46",Medio,"37",-21.74299,-64.70847,825.68,82567.70
Potosi,Enrique Baldivieso,San Agustín,"051601",51601,"5","53","9","60","25","33","72","42","2","0","1","0","12","40","30","35","29","39",Muy Alto,"51",-21.49530,-67.41396,2345.07,234507.44
Cochabamba,Quillacollo,Vinto,"030904",30904,"4","35","32","70","3","38","0","65","2","2","1","0","0","40","34","36","24","45",Medio,"39",-17.34220,-66.37409,214.99,21498.72
Cochabamba,German Jordan,Tolata,"030803",30803,"4","43","16","65","5","58","0","18","1","16","1","0","0","42","30","35","29","40",Bajo,"33",-17.52670,-66.00270,71.35,7135.33
La Paz,Murillo,El Alto,"020105",20105,"5","60","55","56","45","59","21","18","22","28","2","0","9","42","36","37","25","42",Muy Alto,"56",-16.46872,-68.20340,347.91,34790.96
Chuquisaca,Belisario Boeto,Villa Serrano,"010801",10801,"12","39","7","54","22","60","22","29","2","39","11","0","10","42","33","37","27","44",Alto,"47",-18.95187,-64.30003,1730.30,173029.96
Chuquisaca,Yamparaez,Tarabuco,"010601",10601,"4","45","8","57","24","0","23","14","8","43","1","0","12","43","35","39","34","45",Medio,"37",-19.12148,-64.90981,1082.58,108257.87
Chuquisaca,Tomina,Padilla,"010401",10401,"20","56","11","53","17","60","25","35","5","29","11","0","10","44","28","35","26","42",Muy Alto,"49",-19.37473,-64.16086,1666.85,166684.63
Chuquisaca,Hernando Siles,Huacareta,"010502",10502,"24","59","12","56","20","67","24","0","0","1","11","0","9","40","33","37","25","48",Medio,"39",-20.59455,-64.00993,2963.88,296387.75
Chuquisaca,Hernando Siles,Monteagudo,"010501",10501,"19","57","11","59","18","67","24","37","2","33","11","0","11","40","25","33","25","44",Muy Alto,"52",-20.01467,-64.07506,3379.81,337981.50
Chuquisaca,Zudañez,Icla,"010304",10304,"7","59","12","54","20","45","25","0","0","50","4","0","11","44","33","37","28","44",Alto,"43",-19.46533,-64.74638,801.28,80127.79
Chuquisaca,Zudañez,Zudañez,"010301",10301,"4","12","6","54","3","0","0","13","1","35","3","0","10","43","27","36","30","43",Bajo,"22",-19.12799,-64.68799,657.59,65759.41
Chuquisaca,Tomina,Tomina,"010402",10402,"5","43","8","55","5","44","0","0","0","0","9","0","9","41","31","36","26","45",Bajo,"24",-19.16086,-64.49497,812.33,81233.20
Chuquisaca,Azurduy,Azurduy,"010201",10201,"28","66","15","60","16","60","25","0","0","0","8","0","14","42","38","36","24","41",Medio,"39",-20.18137,-64.43290,1729.24,172924.33
Chuquisaca,Azurduy,Tarvita,"010202",10202,"11","45","8","59","24","45","25","1","1","3","5","0","14","42","29","35","26","45",Medio,"34",-19.77215,-64.56176,1354.21,135421.14
Santa Cruz,Cordillera,Cuevo,"070704",70704,"25","60","8","57","13","32","0","3","0","0","3","0","16","43","31","36","27","44",Bajo,"27",-20.33020,-63.53931,886.40,88639.82
Santa Cruz,Cordillera,Camiri,"070706",70706,"29","64","8","66","15","55","0","100","34","1","5","0","28","42","29","36","29","44",Muy Alto,"59",-20.03480,-63.48785,1006.96,100695.98
Chuquisaca,Luis Calvo,Huacaya,"011002",11002,"23","59","7","54","11","43","0","2","1","1","4","0","12","43","31","35","22","43",Bajo,"28",-20.71658,-63.59476,1280.04,128004.42
Santa Cruz,Cordillera,Lagunillas,"070701",70701,"21","59","7","76","10","56","0","18","2","5","3","0","25","39","21","32","22","47",Medio,"35",-19.77160,-63.64493,1109.35,110934.79
Chuquisaca,Luis Calvo,Villa Vaca Guzmán,"011001",11001,"14","39","7","59","12","60","21","5","2","24","9","0","12","42","33","36","29","42",Medio,"38",-19.89305,-63.80241,3778.92,377891.86
Chuquisaca,Tomina,El Villar,"010405",10405,"26","60","12","56","22","44","24","0","0","0","9","0","12","42","16","33","29","44",Medio,"35",-19.69128,-64.27524,890.12,89011.85
Chuquisaca,Tomina,Sopachuy,"010403",10403,"6","45","8","56","14","0","0","2","0","0","5","0","11","42","26","37","36","45",Bajo,"19",-19.46229,-64.53522,586.43,58643.31
Chuquisaca,Tomina,Villa Alcalá,"010404",10404,"5","40","7","54","12","0","0","7","1","4","5","0","12","44","20","36","31","47",Bajo,"20",-19.43213,-64.37388,305.60,30560.08
Cochabamba,Carrasco,Pocona,"031203",31203,"10","55","40","59","8","0","26","15","3","11","3","0","13","42","31","36","28","44",Medio,"35",-17.68180,-65.37184,909.29,90928.76
Cochabamba,Tiraque,Tiraque,"031601",31601,"16","44","33","74","14","58","17","0","0","0","11","0","13","44","36","39","29","46",Medio,"37",-17.33664,-65.51730,1989.11,198911.38
Cochabamba,Chapare,Colomi,"031002",31002,"28","61","33","64","14","66","0","0","0","2","11","0","13","41","29","37","29","46",Medio,"36",-17.23327,-65.92057,515.45,51544.88
La Paz,Ingavi,Guaqui,"020802",20802,"5","59","27","54","11","42","0","0","0","0","2","0","11","42","29","33","27","33",Bajo,"27",-16.60662,-68.82080,191.02,19101.88
La Paz,Los Andes,Batallas,"021203",21203,"8","66","60","61","57","54","19","0","34","2","1","0","0","41","41","39","31","42",Muy Alto,"51",-16.16438,-68.43362,791.86,79186.31
La Paz,Los Andes,Pucarani,"021201",21201,"7","54","50","58","40","59","19","0","0","0","2","0","7","42","41","40","32","43",Alto,"42",-16.36050,-68.41620,1257.14,125713.65
La Paz,Camacho,Puerto Carabuco,"020403",20403,"5","54","20","56","40","29","0","0","0","0","3","0","0","41","34","38","35","43",Bajo,"29",-15.71197,-69.00092,385.36,38535.86
La Paz,Omasuyos,Ancoraimes,"020202",20202,"8","69","42","57","52","30","0","0","3","0","1","0","0","42","34","36","29","38",Medio,"35",-15.85426,-68.86876,334.60,33459.75
Santa Cruz,Chiquitos,San José,"070501",70501,"13","51","9","74","14","70","51","18","6","85","9","33","25","43","35","38","29","44",Muy Alto,"69",-17.70223,-60.42480,19101.57,1910156.98
Santa Cruz,Chiquitos,Pailón,"070502",70502,"14","56","11","79","17","72","51","0","14","6","9","0","43","43","35","38","28","46",Muy Alto,"51",-17.75712,-61.92140,13769.15,1376915.06
Santa Cruz,Andres Ibañez,Ayacucho,"070103",70103,"29","66","21","73","17","65","10","80","33","6","11","28","30","45","28","34","23","39",Muy Alto,"65",-17.75026,-63.36484,940.05,94004.80
Santa Cruz,Warnes,Warnes,"070201",70201,"7","35","9","70","3","55","10","6","27","10","12","0","27","44","29","35","28","41",Medio,"36",-17.41173,-63.07014,1342.65,134265.35
La Paz,Los Andes,Puerto Pérez,"021204",21204,"7","54","19","50","15","41","0","0","8","4","1","0","0","43","31","38","33","45",Bajo,"28",-16.32702,-68.64932,65.62,6561.90
Santa Cruz,Obispo Santisteban,Montero,"071001",71001,"7","57","15","69","9","55","10","3","23","6","3","0","24","30","28","29","20","38",Medio,"36",-17.33287,-63.24990,246.83,24683.19
La Paz,Manco Kapac,Tito Yupanki,"021703",21703,"4","44","16","50","14","28","0","5","1","0","3","0","0","36","36","33","22","38",Bajo,"23",-16.17994,-68.95947,12.92,1291.89
La Paz,Omasuyos,Achacachi,"020201",20201,"16","70","56","58","29","54","10","38","1","50","2","0","0","43","35","40","35","45",Muy Alto,"57",-16.01678,-68.66340,746.73,74672.64
Pando,Nicolas Suarez,Cobija,"090101",90101,"15","48","12","62","6","28","0","0","6","5","18","0","6","49","32","38","29","42",Bajo,"26",-11.07927,-68.87202,449.40,44940.45
Pando,Federico Roman,Eureka,"090503",90503,"39","59","16","68","21","53","0","1","9","0","19","0","15","49","34","37","20","44",Medio,"36",-10.15343,-66.13641,6608.92,660891.75
Santa Cruz,Velasco,San Ignacio,"070301",70301,"17","52","17","65","14","72","51","0","31","8","17","45","10","41","37","38","30","44",Muy Alto,"57",-15.02961,-60.99454,49394.75,4939474.62
Santa Cruz,Angel Sandoval,San Matías,"071201",71201,"16","50","12","75","25","72","0","0","7","0","10","33","16","42","35","37","26","46",Medio,"40",-17.25507,-58.82335,27117.36,2711735.85
Potosi,Sur Lipez,San Antonio de Esmoruco,"051003",51003,"3","53","14","60","25","70","70","6","20","18","2","23","9","44","27","36","29","43",Muy Alto,"58",-22.08415,-66.63446,2523.66,252365.65
Potosi,Sur Lipez,San Pablo de Lipez,"051001",51001,"4","50","28","69","25","73","72","0","0","0","1","23","7","41","22","33","29","39",Muy Alto,"53",-22.17710,-67.23419,13261.40,1326140.28
Potosi,Nor Lipez,San Pedro de Quemes,"050902",50902,"4","50","28","64","14","57","72","0","1","2","2","0","8","44","36","38","28","44",Alto,"47",-21.00015,-68.17379,4355.20,435519.90
Potosi,Daniel Campos,Llica,"051401",51401,"5","58","34","62","30","33","72","10","1","1","3","0","7","43","27","37","32","46",Muy Alto,"49",-20.05027,-68.41214,5701.30,570130.22
Oruro,Sabaya,Coipasa,"040902",40902,"4","62","25","61","70","0","0","1","0","16","2","0","4","43","19","34","29","45",Bajo,"33",-19.32775,-68.31278,203.97,20396.56
Oruro,Sabaya,Sabaya,"040901",40901,"5","54","29","65","25","58","14","4","3","5","2","0","8","45","30","35","22","44",Medio,"38",-18.90766,-68.60988,3609.86,360986.46
Oruro,Sajama,Curahuara de Carangas,"040401",40401,"5","60","55","53","22","36","16","0","4","0","2","0","9","41","26","36","32","46",Medio,"36",-17.98866,-68.66717,2866.52,286652.10
La Paz,Pacajes,Charaña,"020305",20305,"6","63","40","61","14","43","21","0","0","0","2","11","0","43","37","39","27","50",Medio,"36",-17.65917,-69.15701,2926.56,292656.46
La Paz,Pacajes,Calacoto,"020303",20303,"6","65","52","59","38","70","70","0","1","3","4","10","8","42","36","38","29","44",Muy Alto,"58",-17.56239,-68.77228,3904.75,390474.79
Cochabamba,Campero,Omereque,"030203",30203,"5","56","11","68","9","39","18","5","0","55","1","0","0","42","28","35","26","44",Medio,"40",-18.07051,-64.89332,767.13,76712.68
Chuquisaca,Oropeza,Poroma,"010103",10103,"10","55","10","56","16","45","26","1","5","0","4","0","12","43","36","39","30","49",Medio,"34",-18.62180,-65.38515,1433.49,143348.77
Chuquisaca,Oropeza,Sucre,"010101",10101,"6","45","8","56","5","0","27","2","2","8","3","0","12","42","34","37","28","46",Bajo,"26",-18.93771,-65.25048,1680.83,168083.21
Cochabamba,Mizque,Mizque,"031301",31301,"9","58","18","64","50","37","52","6","5","17","4","0","10","42","36","38","29","46",Muy Alto,"50",-18.05596,-65.41973,1879.61,187960.75
Chuquisaca,Zudañez,Mojocoya,"010303",10303,"9","57","7","57","9","0","0","0","0","0","1","0","11","41","31","34","25","39",Bajo,"19",-18.78028,-64.64417,1239.34,123933.70
Santa Cruz,Cordillera,Gutiérrez,"070705",70705,"21","59","7","68","11","65","11","2","0","0","8","0","25","44","29","37","29","44",Medio,"35",-19.39600,-63.50171,2870.59,287059.42
La Paz,Camacho,Puerto Acosta,"020401",20401,"6","54","20","56","15","54","0","1","8","1","4","0","0","45","34","39","34","44",Bajo,"30",-15.55517,-69.21574,352.24,35224.13
Oruro,Sajama,Turco,"040402",40402,"4","42","26","65","4","36","0","63","3","34","1","0","11","44","28","36","35","36",Alto,"44",-18.33706,-68.53024,4722.70,472269.69
Cochabamba,Carrasco,Totora,"031201",31201,"15","43","16","74","13","38","52","0","2","1","11","0","13","42","33","37","31","42",Medio,"40",-17.58634,-65.14433,2135.75,213575.50
La Paz,Camacho,Mocomoco,"020402",20402,"10","57","33","60","18","54","0","0","0","1","1","9","0","43","34","39","33","44",Bajo,"33",-15.44999,-69.03577,653.18,65317.99
La Paz,Ingavi,Desaguadero,"020804",20804,"5","60","29","57","13","66","0","29","5","6","2","0","11","32","33","31","31","28",Medio,"39",-16.61420,-68.97812,103.95,10395.44
Tarija,Avilez,Yunchara,"060402",60402,"4","33","11","54","3","65","72","11","8","1","7","0","9","42","34","37","25","45",Alto,"46",-21.79029,-65.16283,1846.61,184660.97
Tarija,Arce,Bermejo,"060202",60202,"26","66","21","57","16","70","0","3","0","0","13","0","14","44","23","33","22","44",Medio,"36",-22.67315,-64.32941,390.05,39004.99
Pando,Madre De Dios,Exaltación,"090302",90302,"26","59","16","54","21","72","9","0","2","6","19","6","9","57","35","42","31","43",Medio,"40",-11.59624,-66.82115,3161.54,316153.93
Pando,Madre De Dios,Agua Dulce,"090301",90301,"32","70","22","62","18","72","0","89","18","52","16","0","13","42","22","32","19","47",Muy Alto,"67",-11.16712,-66.32510,1268.12,126812.09
Beni,Cercado,Trinidad,"080101",80101,"15","42","10","61","4","70","9","2","5","43","14","41","9","43","30","35","28","40",Alto,"45",-14.83497,-64.65733,1895.29,189528.92
Beni,Vaca Diez,Riveralta,"080201",80201,"19","54","13","57","7","72","0","12","16","3","15","0","10","42","37","38","28","45",Medio,"37",-11.52788,-66.10081,12797.73,1279773.00
Beni,Yacuma,Exaltación,"080402",80402,"25","59","16","68","21","72","9","0","46","1","15","6","9","43","36","37","30","41",Alto,"46",-12.80396,-65.78318,24919.66,2491966.48
Beni,General Jose Balliv,Santa Rosa,"080303",80303,"15","48","12","61","6","72","0","4","0","3","17","0","11","41","33","35","22","44",Bajo,"32",-13.31880,-66.66145,9497.75,949774.74
Beni,General Jose Balliv,Reyes,"080301",80301,"19","54","13","60","7","72","9","0","0","0","16","0","9","48","36","40","29","45",Medio,"35",-13.40290,-67.05806,11899.75,1189974.62
Beni,Vaca Diez,Guayaramerín,"080202",80202,"24","59","16","61","11","72","0","13","0","24","17","0","9","44","30","37","28","46",Alto,"41",-11.30891,-65.43499,6488.61,648861.44
Pando,Federico Roman,Nuevo Manoa,"090501",90501,"22","56","15","62","18","72","0","26","30","1","18","7","18","47","23","33","21","43",Alto,"45",-10.11130,-65.53780,3646.74,364674.14
Pando,Nicolas Suarez,Mukden,"090103",90103,"25","57","15","64","9","64","0","85","19","54","18","0","17","52","26","36","23","43",Muy Alto,"63",-11.17016,-69.22622,2476.80,247679.94
Pando,Nicolas Suarez,Campo Ana Porvenir,"090102",90102,"28","64","20","66","15","64","0","0","0","0","15","0","18","43","25","33","24","41",Medio,"35",-11.23823,-68.79337,1074.11,107410.77
Pando,Manuripi,Arroyo Grande,"090203",90203,"30","67","21","63","51","72","9","0","0","4","15","24","11","42","34","37","30","43",Alto,"48",-11.75601,-68.53279,11758.64,1175864.23
Pando,Manuripi,Victoria,"090201",90201,"14","40","10","65","12","72","0","32","2","46","14","24","13","42","33","37","29","44",Muy Alto,"50",-11.32769,-67.53797,5252.09,525208.57
Pando,Abuná,Ingavi,"090402",90402,"30","59","16","65","10","64","0","8","14","12","15","0","17","41","33","35","20","45",Medio,"39",-10.50458,-66.74732,5417.69,541768.58
Pando,Federico Roman,Villa Nueva,"090502",90502,"16","40","10","62","4","72","0","49","1","20","15","0","12","46","37","37","22","44",Alto,"44",-10.65095,-66.10549,2820.64,282063.90
Tarija,Gran Chaco,Villa Montes,"060303",60303,"13","40","7","57","4","73","64","0","8","0","9","0","8","41","30","35","25","44",Alto,"44",-21.40095,-62.91176,10839.55,1083954.88
Pando,Nicolas Suarez,Costa rica,"090104",90104,"25","61","18","70","13","70","0","5","19","4","16","0","19","47","29","36","25","43",Medio,"40",-10.93210,-67.93146,5223.70,522370.12
Pando,Abuná,Nacebe,"090401",90401,"25","57","15","62","9","64","0","10","2","33","14","0","19","43","30","36","29","41",Alto,"41",-10.73161,-67.27884,4405.01,440501.18
Beni,Mamore,Puerto Siles,"080703",80703,"18","54","13","64","7","72","0","37","13","15","14","0","9","49","28","37","29","43",Alto,"44",-12.42419,-64.98634,2084.89,208488.64
Beni,Mamore,San Joaquín,"080701",80701,"17","52","12","68","14","72","9","20","13","39","18","0","10","43","36","37","29","43",Alto,"48",-12.96083,-64.85573,8678.26,867825.56
Beni,Itenez,Magdalena,"080801",80801,"20","58","15","67","10","72","0","11","5","2","14","0","10","42","35","37","28","44",Medio,"37",-12.99480,-63.68753,14102.05,1410205.33
Beni,Mamore,San Ramón,"080702",80702,"9","49","12","64","25","72","9","0","0","2","10","0","7","43","24","36","30","46",Medio,"35",-13.50810,-64.59984,7990.88,799087.79
Santa Cruz,Manuel María Caballero,Comarapa,"071301",71301,"26","61","24","68","13","32","10","39","1","2","15","21","13","44","33","38","34","42",Alto,"44",-17.80237,-64.43201,3318.16,331815.55
Cochabamba,Carrasco,Puerto Villarroel,"031205",31205,"20","54","25","60","15","66","52","16","1","2","16","0","12","44","35","38","28","46",Muy Alto,"50",-17.03257,-64.88456,1978.42,197841.59
La Paz,Inquisivi,Inquisivi,"021001",21001,"22","59","19","70","43","59","20","0","0","0","13","0","16","42","35","37","28","45",Alto,"43",-16.68322,-66.97797,3289.08,328908.43
Cochabamba,Carrasco,Chimoré,"031204",31204,"27","62","50","61","24","73","64","8","0","0","18","37","11","42","37","39","31","47",Muy Alto,"62",-16.55853,-64.91134,2787.73,278772.71
Beni,Yacuma,Santa Ana,"080401",80401,"16","49","12","65","6","72","9","13","100","24","15","0","10","43","35","36","22","44",Muy Alto,"55",-14.35023,-65.99644,21307.81,2130780.93
La Paz,Caranavi,Caranavi,"022001",22001,"29","64","20","66","38","53","0","0","9","0","13","0","17","44","36","38","29","43",Medio,"39",-15.84485,-67.48787,1553.76,155375.96
Cochabamba,Chapare,Villa Tunari,"031003",31003,"14","39","33","63","22","73","52","26","24","12","18","0","11","42","33","37","30","42",Muy Alto,"58",-16.63459,-65.57184,11175.88,1117587.99
La Paz,Abel Iturralde,San Buena Ventura,"021502",21502,"19","52","12","60","25","72","9","0","1","8","20","0","11","42","30","36","26","44",Medio,"38",-14.25915,-67.74496,2967.29,296729.28
Beni,General Jose Balliv,Rurrenabaque,"080304",80304,"19","54","13","58","7","64","9","7","15","8","17","0","7","41","34","37","29","44",Medio,"38",-14.68862,-67.30571,2519.77,251976.96
Beni,General Jose Balliv,San Borja,"080302",80302,"16","52","12","65","7","70","0","0","25","2","15","0","9","44","34","38","28","45",Medio,"36",-15.00370,-66.80851,8799.08,879907.56
La Paz,Franz Tamayo,Apolo,"020701",20701,"30","69","42","65","52","72","51","3","1","7","16","0","14","44","38","39","28","46",Muy Alto,"59",-14.65857,-68.23266,14235.08,1423507.70
Santa Cruz,Ichilo,Buena Vista,"070401",70401,"27","65","20","74","16","65","11","40","3","3","15","21","37","41","32","35","22","43",Muy Alto,"52",-17.69776,-63.75596,2730.99,273098.58
Santa Cruz,Ichilo,Yapacaní,"070403",70403,"13","33","16","68","11","73","64","18","97","52","15","32","25","45","35","38","26","46",Muy Alto,"78",-16.75125,-64.36236,9617.72,961771.85
Santa Cruz,Sara,Santa Rosa del Sara,"070602",70602,"16","48","17","75","6","73","0","0","0","11","17","0","38","43","32","36","25","45",Medio,"36",-16.65925,-63.83869,4093.47,409346.79
Santa Cruz,Warnes,Okinawa Uno,"070202",70202,"8","56","15","75","9","70","51","9","7","14","10","0","24","43","29","32","22","33",Muy Alto,"49",-17.32277,-62.86555,1033.65,103364.62
Santa Cruz,Obispo Santisteban,Gral. Saavedra,"071002",71002,"9","59","16","70","12","30","10","0","0","4","18","0","30","42","35","37","28","42",Bajo,"32",-17.16817,-63.17627,534.94,53493.94
Santa Cruz,Ñuflo De Chavez,San Julián,"071103",71103,"16","51","12","74","14","72","10","0","4","4","16","0","32","41","34","37","31","44",Medio,"39",-16.79295,-62.81363,5060.05,506005.10
Santa Cruz,Ñuflo De Chavez,San Javier,"071102",71102,"17","52","12","64","6","27","9","22","20","11","18","41","8","45","37","37","27","38",Alto,"42",-16.23375,-62.49087,2273.17,227316.78
Santa Cruz,Velasco,San Miguel,"070302",70302,"13","50","9","74","14","70","0","11","15","3","9","22","0","42","35","37","26","46",Medio,"39",-16.84300,-61.27238,9616.84,961683.88
Santa Cruz,Chiquitos,Roboré,"070503",70503,"15","54","10","72","7","31","70","47","3","12","8","21","27","43","33","37","28","45",Muy Alto,"57",-18.21540,-59.61188,7194.82,719482.23
Beni,Cercado,San Javier,"080102",80102,"15","52","12","71","14","27","9","0","1","0","10","41","8","43","34","38","29","46",Medio,"34",-14.42206,-64.42542,8790.41,879040.80
Santa Cruz,Guarayos,El Puente,"071503",71503,"5","60","12","51","12","33","64","0","0","0","7","0","15","42","35","39","35","44",Medio,"40",-16.14748,-63.48493,7943.99,794398.88
Beni,Marban,San Andrés,"080602",80602,"18","53","13","65","7","72","0","2","11","8","14","41","8","43","30","36","27","43",Medio,"40",-15.37401,-64.14230,9970.60,997060.38
Santa Cruz,Guarayos,Ascención de Guarayos,"071501",71501,"28","67","21","68","17","70","0","0","1","0","18","41","7","43","29","37","31","46",Alto,"42",-15.34391,-63.43088,9038.38,903838.08
Santa Cruz,Guarayos,Urubicha,"071502",71502,"15","41","10","70","4","72","0","16","14","76","18","41","7","50","31","35","23","37",Muy Alto,"54",-14.95273,-63.01858,16336.59,1633659.00
Beni,Moxos,San Ignacio,"080501",80501,"17","52","9","77","15","72","51","10","59","8","18","45","10","41","35","38","30","44",Muy Alto,"63",-15.46859,-65.68675,25116.75,2511674.84
Beni,Marban,Loreto,"080601",80601,"22","58","24","63","10","72","51","0","24","0","18","0","11","41","36","38","31","44",Muy Alto,"50",-15.56809,-64.92042,6827.44,682744.40
Cochabamba,Campero,Pasorapa,"030202",30202,"10","55","10","56","17","39","18","7","1","76","10","0","9","42","30","36","29","44",Alto,"46",-18.39233,-64.60088,2380.29,238029.23
Cochabamba,Ayopaya,Ayopaya,"030301",30301,"27","66","29","79","57","39","0","0","11","1","1","0","0","42","33","38","34","44",Medio,"40",-17.14391,-66.80529,1498.99,149899.49
Cochabamba,Tapacari,Tapacarí,"031101",31101,"4","45","13","67","37","38","0","46","5","5","4","0","14","43","32","37","29","44",Alto,"41",-17.57083,-66.65151,1568.75,156875.07
La Paz,Inquisivi,Colquiri,"021004",21004,"8","61","24","70","53","42","0","0","0","0","1","0","14","42","35","37","25","47",Medio,"36",-17.42131,-66.99418,1011.46,101145.60
La Paz,Sur Yungas,La Asunta,"021105",21105,"24","59","25","60","30","66","10","0","4","0","11","0","15","44","36","38","28","43",Medio,"40",-16.10803,-67.15592,2831.98,283198.07
Cochabamba,Ayopaya,Morochata,"030302",30302,"13","57","33","76","18","39","0","0","0","0","3","0","0","43","35","39","34","45",Bajo,"31",-17.20286,-66.57062,737.64,73764.49
Potosi,Sur Chichas,Tupiza,"050801",50801,"4","42","12","59","36","0","64","0","0","0","6","0","9","44","32","38","30","48",Medio,"37",-21.49113,-65.79688,6164.23,616423.16
Potosi,Modesto Omiste,Villazón,"051501",51501,"4","37","7","62","11","0","11","6","6","18","5","0","7","40","32","36","30","44",Bajo,"25",-21.91320,-65.64194,2496.83,249683.25
Chuquisaca,Sur Cinti,Culpina,"010902",10902,"25","60","13","53","22","70","52","0","23","4","10","0","11","41","35","37","26","45",Muy Alto,"50",-20.86978,-64.57200,3895.73,389572.89
Tarija,Burnet O'Connor,Entre Ríos,"060601",60601,"24","60","12","51","52","65","51","18","2","35","10","0","9","43","29","36","25","45",Muy Alto,"59",-21.39800,-64.06588,5945.25,594525.36
Potosi,Cornelio Saavedra,Betanzos,"050301",50301,"6","66","15","52","50","57","51","0","16","1","2","0","11","43","34","38","30","46",Muy Alto,"49",-19.45822,-65.22764,1875.66,187565.80
Potosi,Jose Maria Linares,Puna,"051101",51101,"5","54","15","56","26","57","11","56","11","1","4","0","13","42","31","37","28","46",Alto,"47",-19.87680,-65.40012,1478.14,147813.84
Tarija,Gran Chaco,Caraparí,"060302",60302,"27","64","14","54","15","56","11","2","0","1","10","0","10","42","20","34","29","45",Medio,"34",-21.81594,-63.89891,2929.49,292948.59
Potosi,Sur Lipez,Mojinete,"051002",51002,"5","57","17","62","29","0","11","30","2","6","3","0","17","46","19","38","36","50",Medio,"34",-21.81396,-66.35122,399.75,39975.14
Chuquisaca,Luis Calvo,Macharetí,"011003",11003,"20","58","7","56","10","55","0","70","16","26","4","0","11","44","35","38","28","44",Muy Alto,"50",-20.72540,-62.87899,7975.00,797499.64
Pando,Manuripi,San Pablo,"090202",90202,"17","50","12","61","14","72","0","1","12","0","15","0","12","43","30","35","22","44",Medio,"34",-11.02538,-66.58998,2635.33,263532.97
La Paz,General Jose Manuel,Catacora,"021902",21902,"4","63","51","67","15","0","18","0","0","5","3","0","0","46","36","38","26","45",Bajo,"31",-17.25271,-69.48049,524.25,52425.49
La Paz,General Jose Manuel,Santiago de Machaca,"021901",21901,"4","48","35","71","14","0","18","0","9","1","3","0","0","42","36","39","32","45",Bajo,"28",-17.18952,-69.27058,1303.05,130305.14
La Paz,Franz Tamayo,Pelechuco,"020702",20702,"22","55","51","68","41","70","0","1","14","5","11","9","16","44","33","37","29","45",Alto,"47",-14.80074,-69.09067,2449.34,244934.11
Tarija,Arce,Padcaya,"060201",60201,"18","56","17","52","18","65","64","4","14","7","10","0","7","43","27","35","25","44",Muy Alto,"50",-22.13390,-64.52954,4448.50,444849.50
La Paz,Bautista Saavedra,Gral. Juán José Pérez (Charazani),"021601",21601,"25","59","45","61","44","54","0","3","1","17","12","9","17","41","33","36","29","43",Alto,"45",-15.09655,-68.77374,2475.95,247595.48
Tarija,Gran Chaco,Yacuiba,"060301",60301,"13","34","6","62","3","70","51","18","8","12","9","0","11","44","27","36","30","43",Alto,"46",-21.79605,-63.28447,3925.13,392512.85
Santa Cruz,Cordillera,Charagua,"070702",70702,"21","63","14","76","14","72","72","0","0","0","10","57","33","41","35","37","27","44",Muy Alto,"60",-19.09049,-61.60096,70946.36,7094635.81
Santa Cruz,Valle Grande,Valle Grande,"070801",70801,"14","40","7","59","4","65","11","5","5","2","9","0","15","40","34","36","28","42",Bajo,"32",-18.78375,-63.94037,3218.05,321804.91
Santa Cruz,Cordillera,Cabezas,"070703",70703,"26","65","14","75","16","73","64","12","5","1","8","35","26","43","35","38","29","43",Muy Alto,"59",-18.46389,-63.26847,5019.61,501960.93
Chuquisaca,Zudañez,Presto,"010302",10302,"10","55","10","56","16","45","0","2","6","4","4","0","11","41","29","35","27","43",Bajo,"29",-18.75565,-64.89303,1351.49,135149.13
Cochabamba,Campero,Aiquile,"030201",30201,"15","69","16","47","18","58","18","27","3","26","3","0","12","44","36","38","28","44",Alto,"47",-18.32336,-65.10380,2684.67,268467.46
Beni,Itenez,Huacaraje,"080803",80803,"22","59","16","63","11","72","0","0","0","1","18","0","6","44","28","36","28","43",Medio,"34",-13.82398,-64.06275,5513.68,551367.77
Beni,Itenez,Baures,"080802",80802,"27","66","21","63","40","72","0","17","4","2","17","0","11","41","36","38","28","47",Alto,"45",-13.62514,-62.87537,17685.12,1768512.15
Santa Cruz,German Busch,Puerto Quijarro,"071402",71402,"12","54","13","67","7","72","0","77","90","8","12","6","12","43","31","37","27","47",Muy Alto,"63",-18.42620,-57.68497,1438.76,143876.21
Pando,Madre De Dios,Bolívar,"090303",90303,"29","66","21","62","26","72","0","7","19","21","14","25","11","41","35","37","29","45",Muy Alto,"49",-11.85549,-67.35922,7546.24,754624.05
La Paz,Abel Iturralde,Ixiamas,"021501",21501,"23","59","25","62","43","72","51","73","4","20","18","24","7","40","34","37","30","44",Muy Alto,"74",-13.09014,-68.01873,37115.75,3711574.80
Cochabamba,Carrasco,Bulo Bulo,"031206",31206,"29","65","39","60","16","66","17","8","4","5","19","21","17","39","36","37","28","43",Alto,"48",-17.31218,-64.54643,2197.31,219730.66
Cochabamba,Carrasco,Pojo,"031202",31202,"21","55","20","60","8","38","17","8","1","37","12","21","11","43","27","37","30","45",Alto,"43",-17.60053,-64.86353,2405.70,240569.74
Santa Cruz,Sara,Colpa Belgica,"070603",70603,"8","61","18","67","14","55","10","61","7","21","4","0","23","37","33","31","20","32",Muy Alto,"50",-17.54349,-63.29235,291.85,29184.55
Santa Cruz,Sara,Portachuelo,"070601",70601,"15","55","14","71","8","56","51","1","14","0","18","0","29","45","34","37","26","43",Alto,"45",-17.35686,-63.44858,1110.05,111004.74
Santa Cruz,Obispo Santisteban,San Pedro,"071005",71005,"6","50","12","71","6","70","64","0","6","6","19","0","12","42","30","36","28","45",Alto,"48",-16.51734,-63.61197,3076.21,307620.71
Santa Cruz,Obispo Santisteban,Mineros,"071003",71003,"6","58","15","67","10","30","10","21","2","1","14","0","30","41","26","33","27","38",Medio,"34",-17.05283,-63.27303,427.24,42724.23
Santa Cruz,Obispo Santisteban,Fernández Alonso,"071004",71004,"11","59","16","73","12","55","10","0","10","2","17","0","30","42","36","38","29","43",Medio,"37",-16.88863,-63.21232,764.71,76471.32
Santa Cruz,Ñuflo De Chavez,San Antonio de Lomerio,"071104",71104,"13","52","12","63","15","0","0","6","14","5","14","22","0","43","34","37","29","44",Bajo,"28",-16.80635,-61.87415,2387.51,238751.14
Santa Cruz,Ñuflo De Chavez,San Ramón,"071105",71105,"14","49","12","65","6","72","9","0","12","1","16","0","7","43","35","38","30","46",Medio,"35",-16.57691,-62.43457,504.06,50406.44
Santa Cruz,Ñuflo De Chavez,Concepción,"071101",71101,"27","61","18","74","34","70","9","1","1","46","9","31","0","42","33","37","30","43",Muy Alto,"52",-15.29845,-62.11212,29144.91,2914491.49
Santa Cruz,Ñuflo De Chavez,Cuatro Cañadas,"071106",71106,"13","60","13","71","13","70","51","0","0","0","10","0","42","43","36","37","27","42",Alto,"47",-17.23741,-62.24274,4458.99,445898.82
La Paz,Larecaja,Mapiri,"020607",20607,"20","58","15","63","50","28","10","17","4","45","12","0","17","41","31","38","34","44",Alto,"47",-15.38005,-68.25775,1500.14,150013.99
La Paz,Larecaja,Guanay,"020602",20602,"26","59","54","72","52","54","10","0","0","0","9","0","17","45","36","39","29","46",Alto,"45",-15.73616,-68.04227,3612.35,361235.11
La Paz,Larecaja,Teoponte,"020608",20608,"16","45","10","62","46","65","51","0","4","0","10","0","17","44","31","37","30","45",Alto,"48",-15.40745,-67.68723,1378.78,137878.02
La Paz,Sur Yungas,Palos Blancos,"021104",21104,"19","56","14","64","17","65","51","22","3","33","16","0","14","44","32","37","28","45",Muy Alto,"56",-15.41772,-67.23158,3734.93,373493.05
La Paz,Ingavi,San Andrés de Machaca,"020805",20805,"6","53","18","62","15","66","52","1","3","1","3","0","0","43","32","38","33","44",Alto,"43",-16.89975,-69.04351,1535.23,153523.48
La Paz,Ingavi,Jesús de Machaca,"020806",20806,"10","59","25","61","30","66","21","8","1","2","3","0","11","45","37","37","24","43",Alto,"42",-16.76069,-68.73998,992.47,99247.28
La Paz,Ingavi,Viacha,"020801",20801,"3","40","16","58","12","42","0","15","3","29","2","0","11","41","39","38","31","41",Medio,"34",-16.73386,-68.31066,848.95,84894.81
Oruro,Cercado,Oruro,"040101",40101,"5","56","15","58","18","58","16","78","13","22","3","0","12","45","25","33","22","40",Muy Alto,"55",-17.95998,-67.09149,259.10,25909.98
Oruro,Cercado,Caracollo,"040102",40102,"6","64","28","52","55","58","52","0","0","3","3","0","7","44","36","37","24","44",Muy Alto,"49",-17.69143,-67.29224,2374.18,237418.01
Oruro,Cercado,Paria,"040104",40104,"5","55","21","62","41","37","0","0","4","1","1","0","7","44","35","38","29","45",Bajo,"32",-17.85719,-66.93596,1461.85,146184.62
Santa Cruz,Ichilo,San Juan,"070404",70404,"17","51","17","70","6","70","51","0","0","10","19","0","25","43","31","35","22","44",Alto,"47",-16.86135,-63.99866,1586.51,158650.50
Santa Cruz,Ichilo,San Carlos,"070402",70402,"15","52","12","71","7","65","11","0","4","2","17","21","40","43","36","38","30","45",Medio,"39",-17.29073,-63.75360,1217.26,121726.47
Santa Cruz,German Busch,El Carmen Rivero Torrez,"071403",71403,"19","60","17","71","22","30","10","6","0","24","10","22","16","41","35","38","29","46",Medio,"40",-18.45548,-58.58637,10684.84,1068484.43
Santa Cruz,German Busch,Puerto Suárez,"071401",71401,"10","54","13","70","7","65","0","60","2","0","9","31","14","41","36","38","29","46",Alto,"48",-19.07139,-58.25661,13409.39,1340938.88
La Paz,Manco Kapac,San Pedro de Tiquina,"021702",21702,"5","50","12","57","6","58","0","0","5","5","2","0","0","35","33","33","30","35",Bajo,"27",-16.23188,-68.86567,62.28,6228.45
La Paz,Ingavi,Taraco,"020807",20807,"4","45","10","56","5","42","0","39","2","51","3","0","0","44","29","34","29","36",Medio,"40",-16.46233,-68.85349,114.71,11470.86
La Paz,Ingavi,Tiawanacu,"020803",20803,"7","45","16","54","14","42","0","3","16","0","3","0","11","42","31","34","28","36",Bajo,"28",-16.55876,-68.69574,352.58,35257.90
Potosi,Daniel Campos,Tahua,"051402",51402,"4","45","13","65","24","0","53","8","1","32","1","0","6","43","29","35","28","40",Medio,"40",-20.28739,-67.94375,1304.69,130469.09
La Paz,Manco Kapac,Copacabana,"021701",21701,"12","61","31","58","13","64","26","28","7","1","1","0","0","40","38","36","30","36",Alto,"45",-16.13648,-69.06415,177.60,17759.74
La Paz,Omasuyos,Huarina,"020204",20204,"6","59","26","54","20","29","10","44","5","26","2","0","0","42","36","39","42","36",Alto,"44",-16.16517,-68.59328,182.07,18207.35
Potosi,Jose Maria Linares,Ckochas,"051103",51103,"6","62","13","55","47","33","11","68","3","3","4","0","11","41","33","37","28","44",Alto,"48",-19.74211,-65.02217,2088.85,208885.03
La Paz,Caranavi,Alto Beni,"022002",22002,"30","69","22","67","43","53","9","19","19","0","10","0","17","45","35","38","29","43",Alto,"47",-15.60553,-67.38953,1045.31,104530.72
Cochabamba,Tiraque,Shinahota,"031602",31602,"15","46","22","60","6","37","52","71","4","3","18","0","14","44","30","37","29","44",Muy Alto,"54",-17.05930,-65.31855,737.91,73791.03
Chuquisaca,Nor Cinti,Villa Charcas,"010704",10704,"5","40","7","64","4","44","23","1","1","16","7","0","14","42","32","35","23","45",Bajo,"32",-20.57217,-64.82078,688.56,68856.46
Potosi,Rafael Bustillo,Chuquihuta,"050204",50204,"4","62","13","61","54","0","12","7","22","1","1","0","0","42","33","37","29","45",Medio,"34",-18.63230,-66.35341,262.24,26223.74
La Paz,Camacho,Humanata,"020404",20404,"4","59","26","55","20","54","0","2","28","2","3","0","0","41","40","37","31","35",Medio,"35",-15.41442,-69.17083,289.49,28949.40
La Paz,Omasuyos,Huatajata,"020206",20206,"4","59","26","54","20","29","0","21","6","1","1","0","0","36","17","29","35","28",Bajo,"30",-16.19795,-68.69065,19.54,1954.34
La Paz,Omasuyos,Chua Cocani,"020203",20203,"4","62","34","50","14","29","0","5","24","5","3","0","0","30","35","34","29","40",Bajo,"32",-16.15833,-68.75176,81.21,8120.81
La Paz,Omasuyos,Santiago de Huata,"020205",20205,"5","48","17","56","6","54","0","0","0","0","2","0","0","42","29","35","32","36",Bajo,"26",-16.08626,-68.83508,93.46,9345.74
Cochabamba,Ayopaya,Cocapata,"030303",30303,"26","62","39","71","47","66","18","10","0","0","16","0","16","41","36","37","28","44",Muy Alto,"49",-16.48908,-66.55221,7120.56,712055.76
La Paz,Camacho,Escoma,"020405",20405,"5","60","28","53","21","29","0","8","47","1","2","0","0","43","37","36","29","35",Medio,"35",-15.63821,-69.14921,121.22,12122.25
